DATE,TYPES,CAT,QTE,QTE GRAT,CI,CV,PU,MT GRAT,QTE RED,TAUX RED,MT RED,PTTC
2023-12-11,TAXI,A,1,0,1,0,4900,0,0,0.081633,0,4900
2023-12-11,V.PERSONEL,B,1,0,1,0,17900,0,0,0.050279,0,17900
2023-12-11,PICK-UP,B1,1,0,1,0,15500,0,0,0.032258,0,15500
2023-12-11,MINI-BUS,C,0,0,0,0,15500,0,0,0.052411,0,0
2023-12-11,GRAND-BUS,C,0,0,0,0,19080,0,0,0.032258,0,0
2023-12-16,TAXI,A,0,0,0,0,4900,0,0,0.081633,0,0
2023-12-16,PICK-UP,B1,0,0,0,0,15500,0,0,0.032258,0,0
2023-12-16,MINI-BUS,C,0,0,0,0,15500,0,0,0.052411,0,0
2023-12-16,GRAND-BUS,C,1,0,1,0,19080,0,0,0.032258,0,19080
2023-12-16,CAMIONS,D,1,0,1,0,26235,0,0,0.047075,0,26235
2023-12-19,TAXI,A,0,0,0,0,4900,0,0,0.081633,0,0
2023-12-19,PICK-UP,B1,0,0,0,0,15500,0,0,0.032258,0,0
2023-12-19,MINI-BUS,C,0,0,0,0,15500,0,0,0.052411,0,0
2023-12-19,GRAND-BUS,C,0,0,0,0,19080,0,0,0.032258,0,0
2023-12-19,CAMIONS,D,1,0,1,0,26235,0,0,0.047075,0,26235
2023-12-20,TAXI,A,0,0,0,0,4900,0,0,0.081633,0,0
2023-12-20,V.PERSONEL,B,2,0,2,0,17900,0,0,0.050279,0,35800
2023-12-20,PICK-UP,B1,0,0,0,0,15500,0,0,0.032258,0,0
2023-12-20,MINI-BUS,C,0,0,0,0,15500,0,0,0.052411,0,0
2023-12-20,GRAND-BUS,C,0,0,0,0,19080,0,0,0.032258,0,0
2023-12-20,CAMIONS,D,0,0,0,0,26235,0,0,0.047075,0,0
2023-12-21,TAXI,A,0,0,0,0,4900,0,0,0.081633,0,0
2023-12-21,V.PERSONEL,B,2,0,2,0,17900,0,0,0.050279,0,35800
2023-12-21,PICK-UP,B1,0,0,0,0,15500,0,0,0.032258,0,0
2023-12-21,MINI-BUS,C,0,0,0,0,15500,0,0,0.052411,0,0
2023-12-21,GRAND-BUS,C,0,0,0,0,19080,0,0,0.032258,0,0
2023-12-21,CAMIONS,D,0,0,0,0,26235,0,0,0.047075,0,0
2023-12-22,TAXI,A,0,0,0,0,4900,0,0,0.081633,0,0
2023-12-22,V.PERSONEL,B,3,0,3,0,17900,0,0,0.050279,0,53700
2023-12-22,PICK-UP,B1,0,0,0,0,15500,0,0,0.032258,0,0
2023-12-22,MINI-BUS,C,0,0,0,0,15500,0,0,0.052411,0,0
2023-12-22,GRAND-BUS,C,0,0,0,0,19080,0,0,0.032258,0,0
2023-12-22,CAMIONS,D,0,0,0,0,26235,0,0,0.047075,0,0
2023-12-27,TAXI,A,2,0,2,0,4900,0,0,0.081633,0,9800
2023-12-27,V.PERSONEL,B,0,0,0,0,17900,0,0,0.050279,0,0
2023-12-27,PICK-UP,B1,0,0,0,0,15500,0,0,0.032258,0,0
2023-12-27,MINI-BUS,C,0,0,0,0,15500,0,0,0.052411,0,0
2023-12-27,GRAND-BUS,C,0,0,0,0,19080,0,0,0.032258,0,0
2023-12-27,CAMIONS,D,0,0,0,0,26235,0,0,0.047075,0,0
2023-12-28,TAXI,A,1,0,1,0,4900,0,0,0.081633,0,4900
2023-12-28,V.PERSONEL,B,1,0,1,0,17900,0,0,0.050279,0,17900
2023-12-28,PICK-UP,B1,0,0,0,0,15500,0,0,0.032258,0,0
2023-12-28,MINI-BUS,C,0,0,0,0,15500,0,0,0.052411,0,0
2023-12-28,GRAND-BUS,C,0,0,0,0,19080,0,0,0.032258,0,0
2023-12-28,CAMIONS,D,0,0,0,0,26235,0,0,0.047075,0,0
2023-12-29,TAXI,A,1,0,1,0,4900,0,0,0.081633,0,4900
2023-12-29,V.PERSONEL,B,0,0,0,0,17900,0,0,0.050279,0,0
2023-12-29,PICK-UP,B1,0,0,0,0,15500,0,0,0.032258,0,0
2023-12-29,MINI-BUS,C,0,0,0,0,15500,0,0,0.052411,0,0
2023-12-29,GRAND-BUS,C,0,0,0,0,19080,0,0,0.032258,0,0
2023-12-29,CAMIONS,D,1,0,1,0,26235,0,0,0.047075,0,26235
2023-12-30,TAXI,A,0,0,0,0,4900,0,0,0.081633,0,0
2023-12-30,V.PERSONEL,B,0,0,0,0,17900,0,0,0.050279,0,0
2023-12-30,PICK-UP,B1,0,0,0,0,15500,0,0,0.032258,0,0
2023-12-30,MINI-BUS,C,0,0,0,0,15500,0,0,0.052411,0,0
2023-12-30,GRAND-BUS,C,0,0,0,0,19080,0,0,0.032258,0,0
2023-12-30,CAMIONS,D,1,0,1,0,26235,0,0,0.047075,0,26235
2024-01-02,TAXI,A,0,0,0,0,4900,0,0,0.081633,0,0
2024-01-02,V.PERSONEL,B,1,0,1,0,17900,0,0,0.050279,0,17900
2024-01-02,PICK-UP,B1,1,0,1,0,15500,0,0,0.032258,0,15500
2024-01-02,MINI-BUS,C,0,0,0,0,15500,0,0,0.052411,0,0
2024-01-02,GRAND-BUS,C,0,0,0,0,19080,0,0,0.032258,0,0
2024-01-02,CAMIONS,D,1,0,1,0,26235,0,0,0.047075,0,26235
2024-01-03,TAXI,A,1,0,1,0,4900,0,1,0.081633,400.0017,4499.9983
2024-01-03,V.PERSONEL,B,3,0,3,0,17900,0,0,0.050279,0,53700
2024-01-03,PICK-UP,B1,0,0,0,0,15500,0,0,0.032258,0,0
2024-01-03,MINI-BUS,C,0,0,0,0,15500,0,0,0.052411,0,0
2024-01-03,GRAND-BUS,C,0,0,0,0,19080,0,0,0.032258,0,0
2024-01-03,CAMIONS,D,1,0,1,0,26235,0,0,0.047075,0,26235
2024-01-04,TAXI,A,1,0,1,0,4900,0,1,0.081633,400.0017,4499.9983
2024-01-04,V.PERSONEL,B,3,0,3,0,17900,0,2,0.050279,1799.9882,51900.0118
2024-01-04,PICK-UP,B1,1,0,1,0,15500,0,0,0.032258,0,15500
2024-01-04,MINI-BUS,C,0,0,0,0,15500,0,0,0.052411,0,0
2024-01-04,GRAND-BUS,C,0,0,0,0,19080,0,0,0.032258,0,0
2024-01-04,CAMIONS,D,2,0,2,0,26235,0,0,0.047075,0,52470
2024-01-05,TAXI,A,1,0,1,0,4900,0,1,0.081633,400.0017,4499.9983
2024-01-05,V.PERSONEL,B,1,0,1,0,17900,0,1,0.050279,899.9941,17000.0059
2024-01-05,PICK-UP,B1,0,0,0,0,15500,0,0,0.032258,0,0
2024-01-05,MINI-BUS,C,0,0,0,0,15500,0,0,0.052411,0,0
2024-01-05,GRAND-BUS,C,0,0,0,0,19080,0,0,0.032258,0,0
2024-01-05,CAMIONS,D,4,0,4,0,26235,0,0,0.047075,0,104940
2024-01-06,TAXI,A,0,0,0,0,4900,0,0,0.081633,0,0
2024-01-06,V.PERSONEL,B,1,0,1,0,17900,0,1,0.050279,899.9941,17000.0059
2024-01-06,PICK-UP,B1,0,0,0,0,15500,0,0,0.032258,0,0
2024-01-06,MINI-BUS,C,0,0,0,0,15500,0,0,0.052411,0,0
2024-01-06,GRAND-BUS,C,0,0,0,0,19080,0,0,0.032258,0,0
2024-01-06,CAMIONS,D,1,0,1,0,26235,0,1,0.047075,1235.012625,24999.987375
