,TYPES,CAT,0,QTE GRAT,CI,CV,PU,MT GRAT,QTE RED ,TAUX RED,MT RED ,PTTC
5/2/2024,TAXI,A,0,0,0,0,4900,0,0,8.16%, -     , -     
,V.PERSONEL,B,3,0,3,0,17900,0,1,5.03%, 900   ," 52,800   "
,PICK-UP,B1,1,0,1,0,15500,0,0,3.23%, -     ," 15,500   "
,GRAND-BUS,C,0,0,0,0,19080,0,0,3.23%, -     , -     
,CAMIONS,D,4,0,4,0,26235,0,2,4.71%," 2,470   "," 102,470   "
5/3/2024,TAXI,A,0,0,0,0,4900,0,0,8.16%, -     , -     
,V.PERSONEL,B,3,0,3,0,17900,0,0,5.03%, -     ," 53,700   "
,PICK-UP,B1,,0,0,0,15500,0,0,3.23%, -     , -     
,GRAND-BUS,C,0,0,0,0,19080,0,0,3.23%, -     , -     
,CAMIONS,D,,0,0,0,26235,0,,4.71%, -     , -     
5/4/2024,TAXI,A,0,0,0,0,4900,0,0,8.16%, -     , -     
,V.PERSONEL,B,3,0,3,0,17900,0,1,5.03%, 900   ," 52,800   "
,PICK-UP,B1,1,0,1,0,15500,0,0,3.23%, -     ," 15,500   "
,GRAND-BUS,C,0,0,0,0,19080,0,0,3.23%, -     , -     
,CAMIONS,D,2,0,2,0,26235,0,1,4.71%," 1,235   "," 51,235   "
5/6/2024,TAXI,A,1,0,1,0,4900,0,0,8.16%, -     ," 4,900   "
,V.PERSONEL,B,1,0,1,0,17900,0,1,5.03%, 900   ," 17,000   "
,PICK-UP,B1,0,0,0,0,15500,0,0,3.23%, -     , -     
,GRAND-BUS,C,0,0,0,0,19080,0,0,3.23%, -     , -     
,CAMIONS,D,6,0,6,0,26235,0,1,4.71%," 1,235   "," 156,175   "
5/7/2024,TAXI,A,0,0,0,0,4900,0,0,8.16%, -     , -     
,V.PERSONEL,B,6,0,6,0,17900,0,2,5.03%," 1,800   "," 105,600   "
,PICK-UP,B1,0,0,0,0,15500,0,0,3.23%, -     , -     
,GRAND-BUS,C,0,0,0,0,19080,0,0,3.23%, -     , -     
,CAMIONS,D,2,0,2,0,26235,0,1,4.71%," 1,235   "," 51,235   "
5/8/2024,TAXI,A,0,0,0,0,4900,0,0,8.16%, -     , -     
,V.PERSONEL,B,1,0,1,0,17900,0,,5.03%, -     ," 17,900   "
,PICK-UP,B1,0,0,0,0,15500,0,0,3.23%, -     , -     
,GRAND-BUS,C,0,0,0,0,19080,0,0,3.23%, -     , -     
,CAMIONS,D,3,0,3,0,26235,0,,4.71%, -     ," 78,705   "
5/9/2024,TAXI,A,1,0,1,0,4900,0,1,8.16%, 400   ," 4,500   "
,V.PERSONEL,B,3,0,3,0,17900,0,2,5.03%," 1,800   "," 51,900   "
,PICK-UP,B1,0,0,0,0,15500,0,0,3.23%, -     , -     
,GRAND-BUS,C,1,0,1,0,19080,0,0,3.23%, -     ," 19,080   "
,CAMIONS,D,2,0,2,0,26235,0,,4.71%, -     ," 52,470   "
5/10/2024,TAXI,A,0,0,0,0,4900,0,0,8.16%, -     , -     
,V.PERSONEL,B,0,0,0,0,17900,0,0,5.03%, -     , -     
,PICK-UP,B1,,0,0,0,15500,0,0,3.23%, -     , -     
,GRAND-BUS,C,0,0,0,0,19080,0,0,3.23%, -     , -     
,CAMIONS,D,3,0,3,0,26235,0,,4.71%, -     ," 78,705   "
5/11/2024,TAXI,A,0,0,0,0,4900,0,0,8.16%, -     , -     
,V.PERSONEL,B,3,0,3,0,17900,0,2,5.03%," 1,800   "," 51,900   "
,PICK-UP,B1,0,0,0,0,15500,0,0,3.23%, -     , -     
,GRAND-BUS,C,0,0,0,0,19080,0,0,3.23%, -     , -     
,CAMIONS,D,5,0,5,0,26235,0,2,4.71%," 2,470   "," 128,705   "
5/13/2024,TAXI,A,0,0,0,0,4900,0,0,8.16%, -     , -     
,V.PERSONEL,B,3,0,3,0,17900,0,1,5.03%, 900   ," 52,800   "
,PICK-UP,B1,0,0,0,0,15500,0,0,3.23%, -     , -     
,GRAND-BUS,C,0,0,0,0,19080,0,0,3.23%, -     , -     
,CAMIONS,D,1,0,1,0,26235,0,0,4.71%, -     ," 26,235   "
5/14/2024,TAXI,A,0,0,0,0,4900,0,0,8.16%, -     , -     
,V.PERSONEL,B,0,0,0,0,17900,0,0,5.03%, -     , -     
,PICK-UP,B1,,0,0,0,15500,0,0,3.23%, -     , -     
,GRAND-BUS,C,0,0,0,0,19080,0,0,3.23%, -     , -     
,CAMIONS,D,1,0,1,0,26235,0,,4.71%, -     ," 26,235   "
5/15/2024,TAXI,A,0,0,0,0,4900,0,0,8.16%, -     , -     
,V.PERSONEL,B,0,0,0,0,17900,0,0,5.03%, -     , -     
,PICK-UP,B1,,0,0,0,15500,0,0,3.23%, -     , -     
,GRAND-BUS,C,0,0,0,0,19080,0,0,3.23%, -     , -     
,CAMIONS,D,4,0,4,0,26235,0,2,4.71%," 2,470   "," 102,470   "
5/16/2024,TAXI,A,2,0,2,0,4900,0,2,8.16%, 800   ," 9,000   "
,V.PERSONEL,B,1,0,1,0,17900,0,1,5.03%, 900   ," 17,000   "
,PICK-UP,B1,1,0,1,0,15500,0,0,3.23%, -     ," 15,500   "
,GRAND-BUS,C,0,0,0,0,19080,0,0,3.23%, -     , -     
,CAMIONS,D,4,0,4,0,26235,0,,4.71%, -     ," 104,940   "
5/17/2024,TAXI,A,0,0,0,0,4900,0,0,8.16%, -     , -     
,V.PERSONEL,B,1,0,1,0,17900,0,1,5.03%, 900   ," 17,000   "
,PICK-UP,B1,2,0,2,0,15500,0,0,3.23%, -     ," 31,000   "
,GRAND-BUS,C,0,0,0,0,19080,0,0,3.23%, -     , -     
,CAMIONS,D,5,0,5,0,26235,0,2,4.71%," 2,470   "," 128,705   "
5/18/2024,TAXI,A,2,0,2,0,4900,0,2,8.16%, 800   ," 9,000   "
,V.PERSONEL,B,1,0,1,0,17900,0,0,5.03%, -     ," 17,900   "
,PICK-UP,B1,1,0,1,0,15500,0,0,3.23%, -     ," 15,500   "
,GRAND-BUS,C,0,0,0,0,19080,0,0,3.23%, -     , -     
,CAMIONS,D,0,0,0,0,26235,0,0,4.71%, -     , -     
5/21/2024,TAXI,A,0,0,0,0,4900,0,0,8.16%, -     , -     
,V.PERSONEL,B,2,0,2,0,17900,0,1,5.03%, 900   ," 34,900   "
,PICK-UP,B1,0,0,0,0,15500,0,0,3.23%, -     , -     
,GRAND-BUS,C,0,0,0,0,19080,0,0,3.23%, -     , -     
,CAMIONS,D,3,0,3,0,26235,0,0,4.71%, -     ," 78,705   "
5/22/2024,TAXI,A,0,0,0,0,4900,0,0,8.16%, -     , -     
,V.PERSONEL,B,1,0,1,0,17900,0,1,5.03%, 900   ," 17,000   "
,PICK-UP,B1,1,0,1,0,15500,0,1,3.23%, 500   ," 15,000   "
,GRAND-BUS,C,0,0,0,0,19080,0,0,3.23%, -     , -     
,CAMIONS,D,4,0,4,0,26235,0,1,4.71%," 1,235   "," 103,705   "
5/23/2024,TAXI,A,1,0,1,0,4900,0,1,8.16%, 400   ," 4,500   "
,V.PERSONEL,B,3,0,3,0,17900,0,1,5.03%, 900   ," 52,800   "
,PICK-UP,B1,1,0,1,0,15500,0,0,3.23%, -     ," 15,500   "
,GRAND-BUS,C,0,0,0,0,19080,0,0,3.23%, -     , -     
,CAMIONS,D,2,0,2,0,26235,0,0,4.71%, -     ," 52,470   "
5/24/2024,TAXI,A,,0,0,0,4900,0,,8.16%, -     , -     
,V.PERSONEL,B,2,0,2,0,17900,0,,5.03%, -     ," 35,800   "
,PICK-UP,B1,0,0,0,0,15500,0,0,3.23%, -     , -     
,GRAND-BUS,C,0,0,0,0,19080,0,0,3.23%, -     , -     
,CAMIONS,D,1,0,1,0,26235,0,0,4.71%, -     ," 26,235   "
5/23/2024,TAXI,A,1,0,1,0,4900,0,1,8.16%, 400   ," 4,500   "
,V.PERSONEL,B,,0,0,0,17900,0,,5.03%, -     , -     
,PICK-UP,B1,,0,0,0,15500,0,0,3.23%, -     , -     
,GRAND-BUS,C,0,0,0,0,19080,0,0,3.23%, -     , -     
,CAMIONS,D,5,0,5,0,26235,0,1,4.71%," 1,235   "," 129,940   "
5/28/2024,TAXI,A,0,0,0,0,4900,0,,8.16%, -     , -     
,V.PERSONEL,B,,0,0,0,17900,0,,5.03%, -     , -     
,PICK-UP,B1,1,0,1,0,15500,0,0,3.23%, -     ," 15,500   "
,GRAND-BUS,C,0,0,0,0,19080,0,0,3.23%, -     , -     
,CAMIONS,D,3,0,3,0,26235,0,1,4.71%," 1,235   "," 77,470   "
5/28/2024,TAXI,A,0,0,0,0,4900,0,,8.16%, -     , -     
,V.PERSONEL,B,,0,0,0,17900,0,,5.03%, -     , -     
,PICK-UP,B1,1,0,1,0,15500,0,0,3.23%, -     ," 15,500   "
,GRAND-BUS,C,0,0,0,0,19080,0,0,3.23%, -     , -     
,CAMIONS,D,3,0,3,0,26235,0,1,4.71%," 1,235   "," 77,470   "
5/28/2024,TAXI,A,0,0,0,0,4900,0,,8.16%, -     , -     
,V.PERSONEL,B,,0,0,0,17900,0,,5.03%, -     , -     
,PICK-UP,B1,1,0,1,0,15500,0,0,3.23%, -     ," 15,500   "
,GRAND-BUS,C,0,0,0,0,19080,0,0,3.23%, -     , -     
,CAMIONS,D,3,0,3,0,26235,0,1,4.71%," 1,235   "," 77,470   "
5/31/2024,TAXI,A,0,0,0,0,4900,0,,8.16%, -     , -     
,V.PERSONEL,B,1,0,1,0,17900,0,1,5.03%, 900   ," 17,000   "
,PICK-UP,B1,1,0,1,0,15500,0,0,3.23%, -     ," 15,500   "
,GRAND-BUS,C,0,0,0,0,19080,0,0,3.23%, -     , -     
,CAMIONS,D,4,0,4,0,26235,0,1,4.71%," 1,235   "," 103,705   "
